angDist,names,ra,dec,pmra,pmdec,dm,pepoch,posepoch,dmepoch,ra_ep2000,dec_ep2000,errHalfMaj,errHalfMin,errPosAng,ra,dec,source_id,ref_epoch,ra_error,dec_error,parallax,parallax_error,pmra,pmra_error,pmdec,pmdec_error,ra_dec_corr,duplicated_source,phot_g_n_obs,phot_g_mean_flux,phot_g_mean_flux_error,phot_g_mean_mag,phot_variable_flag,l,b
0.970148,J0437-4715,69.31623406223791,-47.25253075275593,121.43993281718667,-71.47620158262019,54500,54500,54500,2.644571992220118,69.3165765588,-47.2526670522,0.003,0.002,0,69.3165765588,-47.2526670522,4789864076732331648,2015.0,1.992,2.741,,,,,,,-0.671,0,65,1.28203e+02,2.46615e+00,20.255,NOT_AVAILABLE,253.3946170111,-41.9631552362
0.140141,J1012+5307,153.13932304124995,53.1173056,2.6237122562025093,-25.458808920674365,55000,55000,55000,9.021803950562022,153.1393295862,53.1172668707,0.001,0.000,0,153.1393295862,53.1172668707,851610857095609984,2015.0,0.395,0.614,,,,,,,0.058,0,148,2.43759e+02,1.93173e+00,19.557,NOT_AVAILABLE,160.3471938161,50.8578532615
0.379287,J1024-0719,156.16114741416666,-7.322064986111111,-35.30492690451154,-48.2439401720538,55000,55000,55000,6.486302522549919,156.1610974393,-7.3221579554,0.011,0.007,0,156.1610974393,-7.3221579554,3775277868091720192,2015.0,6.547,11.160,,,,,,,-0.857,0,33,3.91727e+02,4.93626e+00,19.042,NOT_AVAILABLE,251.7016017396,40.5153956229
0.165908,J1955+2908,298.8661489208333,29.145405363888887,-0.8116245289559626,-4.06546809122938,55000,55000,55000,104.46602422967284,298.8661021667,29.1453839997,0.000,0.000,0,298.8661021667,29.1453839997,2028584968839606784,2015.0,0.458,0.479,,,,,,,0.502,0,112,6.51929e+02,2.06657e+00,18.489,NOT_AVAILABLE,65.8392364771,0.4432589324
